{"cameraMode":{"drawMode":0,"name":"Shaded","section":"Shading Mode"},"sceneLighting":false,"audioPlay":false,"sceneViewState":{"m_AlwaysRefresh":false,"showFog":true,"showSkybox":false,"showFlares":true,"showImageEffects":true,"showParticleSystems":true,"showVisualEffectGraphs":true,"m_FxEnabled":true},"in2DMode":false,"pivot":{"x":28.274635314941408,"y":27.475378036499025,"z":-273.8393249511719},"rotation":{"x":0.01088383886963129,"y":0.21134883165359498,"z":-0.0036814045161008837,"w":0.9781203269958496},"size":0.13172511756420136,"orthographic":false}